{"cameraMode":{"drawMode":0,"name":"Shaded","section":"Shading Mode"},"sceneLighting":false,"audioPlay":false,"sceneViewState":{"m_AlwaysRefresh":true,"showFog":true,"showSkybox":false,"showFlares":true,"showImageEffects":true,"showParticleSystems":true,"showVisualEffectGraphs":true,"m_FxEnabled":true},"in2DMode":false,"pivot":{"x":0.06510422378778458,"y":0.5517479777336121,"z":-0.03465095907449722},"rotation":{"x":-0.08239659667015076,"y":0.9040424227714539,"z":-0.20293019711971284,"w":-0.36707383394241335},"size":1.7417657375335694,"orthographic":false}